,epoch,train_loss,val_loss,time,learning rate
0,0,0.35667996644973754,0.3011559474468231,33.10383892059326,0.001
1,1,0.2946412920951843,0.29028624296188354,31.001609086990356,0.001
2,2,0.2884128284454346,0.28640864372253416,28.12058997154236,0.001
3,3,0.2858469676971436,0.28487300634384155,29.035344123840332,0.001
4,4,0.28462080121040345,0.2840209341049194,30.655508041381836,0.001
